<?xml version="1.0" encoding="UTF-8"?>
<manifest xmlns="http://www.imsproject.org/xsd/imscp_rootv1p1p2" xmlns:imsmd="http://www.imsglobal.org/xsd/imsmd_rootv1p2p1" xmlns:xsi="http://www.w3.org/2001/XMLSchema-instance" xmlns:adlcp="http://www.adlnet.org/xsd/adlcp_rootv1p2" identifier="MANIFEST-BDF0CE84C5B464E10DA84F0966E9C768" xsi:schemaLocation="http://www.imsproject.org/xsd/imscp_rootv1p1p2 imscp_rootv1p1p2.xsd http://www.imsglobal.org/xsd/imsmd_rootv1p2p1 imsmd_rootv1p2p1.xsd http://www.adlnet.org/xsd/adlcp_rootv1p2 adlcp_rootv1p2.xsd">
  <metadata>
    <schema>ADL SCORM</schema>
    <schemaversion>1.2</schemaversion>
  </metadata>	<organizations default="ORG-13711E6FC3B959A5946232EEBB5B8409">		<organization identifier="ORG-13711E6FC3B959A5946232EEBB5B8409" structure="hierarchical">			<title>Coronavirus. ¿Cómo protegerme de una Infección?</title>			<item identifier="ITEM-627C41E86925F1E9696D32084F7AEE74" isvisible="true" identifierref="RES-87BA619245B9E5F895BD79C251EE5E7D">				<title>Introducción</title>				</item>			<item identifier="ITEM-29F38DB2D9BF5D7A6D333539EED616F3" isvisible="true" identifierref="RES-1F051FE890D81C275958C61058A47289">				<title>Virus SARS-CoV-2 en las piscinas</title>				<adlcp:prerequisites type="aicc_script">ITEM-627C41E86925F1E9696D32084F7AEE74</adlcp:prerequisites>			</item>			<item identifier="ITEM-7C62F1CB74CB4861832D5C063A813DFA" isvisible="true" identifierref="RES-FE78B2A9B6813FCACFD051930791E85D">				<title>Actuaciones antes de abrir cada una de las piscinas</title>				<adlcp:prerequisites type="aicc_script">ITEM-29F38DB2D9BF5D7A6D333539EED616F3</adlcp:prerequisites>			</item>			<item identifier="ITEM-F6C7F26E41103638D4306481E1159A89" isvisible="true" identifierref="RES-A6DA795FE2B3B143570A3117B99F7892">				<title>Medidas preventivas cuando esté abierta la piscina</title>				<adlcp:prerequisites type="aicc_script">ITEM-7C62F1CB74CB4861832D5C063A813DFA</adlcp:prerequisites>			</item>		</organization>	</organizations>	<resources>		<resource identifier="RES-87BA619245B9E5F895BD79C251EE5E7D" type="webcontent" href="ap01020101.html" adlcp:scormtype="sco">			<file href="ap01020101.html" />			<file href="images/portada/ud1_1600152611.jpeg" />			<file href="images/portada/ud1.jpg" />			<file href="images/logotipo/logo_1600160714.png" />			<file href="js/load.js" />			<file href="config/configuracion.js" />			<file href="config/resources.json" />			<file href="ayuda.html" />			<file href="literales/es_default.json" />			<file href="css/plantilla.css" /></resource>		<resource identifier="RES-1F051FE890D81C275958C61058A47289" type="webcontent" href="ap01020201.html" adlcp:scormtype="sco">			<file href="ap01020201.html" />			<file href="images/manual/q_img001_1.png" />			<file href="images/portada/ud1_1600152611.jpeg" />			<file href="images/portada/ud1.jpg" />			<file href="images/logotipo/logo_1600160714.png" />			<file href="js/load.js" />			<file href="config/configuracion.js" />			<file href="config/resources.json" />			<file href="ayuda.html" />			<file href="literales/es_default.json" />			<file href="css/plantilla.css" /></resource>		<resource identifier="RES-FE78B2A9B6813FCACFD051930791E85D" type="webcontent" href="ap01020301.html" adlcp:scormtype="sco">			<file href="ap01020301.html" />			<file href="images/portada/ud1_1600152611.jpeg" />			<file href="images/portada/ud1.jpg" />			<file href="images/logotipo/logo_1600160714.png" />			<file href="js/load.js" />			<file href="config/configuracion.js" />			<file href="config/resources.json" />			<file href="ayuda.html" />			<file href="literales/es_default.json" />			<file href="css/plantilla.css" /></resource>		<resource identifier="RES-A6DA795FE2B3B143570A3117B99F7892" type="webcontent" href="ap01020401.html" adlcp:scormtype="sco">			<file href="ap01020401.html" />			<file href="images/portada/ud1_1600152611.jpeg" />			<file href="images/portada/ud1.jpg" />			<file href="images/logotipo/logo_1600160714.png" />			<file href="js/load.js" />			<file href="config/configuracion.js" />			<file href="config/resources.json" />			<file href="ayuda.html" />			<file href="literales/es_default.json" />			<file href="css/plantilla.css" /></resource>	</resources></manifest>