<?xml version="1.0" encoding="UTF-8"?>
<manifest xmlns="http://www.imsproject.org/xsd/imscp_rootv1p1p2" xmlns:imsmd="http://www.imsglobal.org/xsd/imsmd_rootv1p2p1" xmlns:xsi="http://www.w3.org/2001/XMLSchema-instance" xmlns:adlcp="http://www.adlnet.org/xsd/adlcp_rootv1p2" identifier="MANIFEST-BDF0CE84C5B464E10DA84F0966E9C768" xsi:schemaLocation="http://www.imsproject.org/xsd/imscp_rootv1p1p2 imscp_rootv1p1p2.xsd http://www.imsglobal.org/xsd/imsmd_rootv1p2p1 imsmd_rootv1p2p1.xsd http://www.adlnet.org/xsd/adlcp_rootv1p2 adlcp_rootv1p2.xsd">
  <metadata>
    <schema>ADL SCORM</schema>
    <schemaversion>1.2</schemaversion>
  </metadata>	<organizations default="ORG-55813060614C63D608F47FEE6D835EBB">		<organization identifier="ORG-55813060614C63D608F47FEE6D835EBB" structure="hierarchical">			<title>Virus Respiratorios Emergentes</title>			<item identifier="ITEM-907D3179ED40271F8849D7102B9C1DBB" isvisible="true" identifierref="RES-43C8439A5D6B1421C16415373BA8A53F">				<title>Introducción</title>				</item>			<item identifier="ITEM-9C3ECE29E695B85ACF66A3319DAD2EEB" isvisible="true" identifierref="RES-E3824FB3DF4F75FFE39CABCC76983531">				<title>Qué son los Coronavirus</title>				<adlcp:prerequisites type="aicc_script">ITEM-907D3179ED40271F8849D7102B9C1DBB</adlcp:prerequisites>			</item>			<item identifier="ITEM-8EEAAEAD8FBBB3A510A290DF057EBC64" isvisible="true" identifierref="RES-A2A61C0F295E2B8EAE54185A6078E648">				<title>Causas</title>				<adlcp:prerequisites type="aicc_script">ITEM-9C3ECE29E695B85ACF66A3319DAD2EEB</adlcp:prerequisites>			</item>			<item identifier="ITEM-E913240B29F4C98FDEC1275CA81A1B5F" isvisible="true" identifierref="RES-B5F6493D9E841393336C44B49325F9AA">				<title>¿Cuáles son los síntomas del COVID-19?</title>				<adlcp:prerequisites type="aicc_script">ITEM-8EEAAEAD8FBBB3A510A290DF057EBC64</adlcp:prerequisites>			</item>			<item identifier="ITEM-DC08036C58513E9D3490417CB860FFAD" isvisible="true" identifierref="RES-4636A32DC229BA8894ACC0878919569A">				<title>¿De qué forma se puede adquirir la infección?</title>				<adlcp:prerequisites type="aicc_script">ITEM-E913240B29F4C98FDEC1275CA81A1B5F</adlcp:prerequisites>			</item>			<item identifier="ITEM-34420E74DDCBD2D10F909FCBB8D60CE4" isvisible="true" identifierref="RES-CB5CFB944F58EF514E28095B2BC1B7F8">				<title>¿Existe un tratamiento para la COVID-19?</title>				<adlcp:prerequisites type="aicc_script">ITEM-DC08036C58513E9D3490417CB860FFAD</adlcp:prerequisites>			</item>		</organization>	</organizations>	<resources>		<resource identifier="RES-43C8439A5D6B1421C16415373BA8A53F" type="webcontent" href="ap01010101.html" adlcp:scormtype="sco">			<file href="ap01010101.html" />			<file href="images/portada/ud1_1600152611.jpeg" />			<file href="images/portada/ud1.jpg" />			<file href="images/logotipo/logo_1600160714.png" />			<file href="js/load.js" />			<file href="config/configuracion.js" />			<file href="config/resources.json" />			<file href="ayuda.html" />			<file href="literales/es_default.json" />			<file href="css/plantilla.css" /></resource>		<resource identifier="RES-E3824FB3DF4F75FFE39CABCC76983531" type="webcontent" href="ap01010201.html" adlcp:scormtype="sco">			<file href="ap01010201.html" />			<file href="images/portada/ud1_1600152611.jpeg" />			<file href="images/portada/ud1.jpg" />			<file href="images/logotipo/logo_1600160714.png" />			<file href="js/load.js" />			<file href="config/configuracion.js" />			<file href="config/resources.json" />			<file href="ayuda.html" />			<file href="literales/es_default.json" />			<file href="css/plantilla.css" /></resource>		<resource identifier="RES-A2A61C0F295E2B8EAE54185A6078E648" type="webcontent" href="ap01010301.html" adlcp:scormtype="sco">			<file href="ap01010301.html" />			<file href="images/portada/ud1_1600152611.jpeg" />			<file href="images/portada/ud1.jpg" />			<file href="images/logotipo/logo_1600160714.png" />			<file href="js/load.js" />			<file href="config/configuracion.js" />			<file href="config/resources.json" />			<file href="ayuda.html" />			<file href="literales/es_default.json" />			<file href="css/plantilla.css" /></resource>		<resource identifier="RES-B5F6493D9E841393336C44B49325F9AA" type="webcontent" href="ap01010401.html" adlcp:scormtype="sco">			<file href="ap01010401.html" />			<file href="videos/q_que_hacemos_si_alguien_tiene_coronavirus_en_casa.mp4" />			<file href="images/portada/ud1_1600152611.jpeg" />			<file href="images/portada/ud1.jpg" />			<file href="images/logotipo/logo_1600160714.png" />			<file href="js/load.js" />			<file href="config/configuracion.js" />			<file href="config/resources.json" />			<file href="ayuda.html" />			<file href="literales/es_default.json" />			<file href="css/plantilla.css" /></resource>		<resource identifier="RES-4636A32DC229BA8894ACC0878919569A" type="webcontent" href="ap01010501.html" adlcp:scormtype="sco">			<file href="ap01010501.html" />			<file href="images/portada/ud1_1600152611.jpeg" />			<file href="images/portada/ud1.jpg" />			<file href="images/logotipo/logo_1600160714.png" />			<file href="js/load.js" />			<file href="config/configuracion.js" />			<file href="config/resources.json" />			<file href="ayuda.html" />			<file href="literales/es_default.json" />			<file href="css/plantilla.css" /></resource>		<resource identifier="RES-CB5CFB944F58EF514E28095B2BC1B7F8" type="webcontent" href="ap01010601.html" adlcp:scormtype="sco">			<file href="ap01010601.html" />			<file href="images/portada/ud1_1600152611.jpeg" />			<file href="images/portada/ud1.jpg" />			<file href="images/logotipo/logo_1600160714.png" />			<file href="js/load.js" />			<file href="config/configuracion.js" />			<file href="config/resources.json" />			<file href="ayuda.html" />			<file href="literales/es_default.json" />			<file href="css/plantilla.css" /></resource>	</resources></manifest>