<?xml version="1.0" encoding="UTF-8"?>
<manifest identifier="MANIFEST_2"
  version="1.0"
  xmlns="http://www.imsproject.org/xsd/imscp_rootv1p1p2"
  xmlns:adlcp="http://www.adlnet.org/xsd/adlcp_rootv1p2"
  xmlns:imsmd="http://www.imsglobal.org/xsd/imsmd_rootv1p2p1"
  xmlns:xsi="http://www.w3.org/2001/XMLSchema-instance"
  xsi:schemaLocation="http://www.imsproject.org/xsd/imscp_rootv1p1p2 imscp_rootv1p1p2.xsd
  http://www.adlnet.org/xsd/adlcp_rootv1p2 adlcp_rootv1p2.xsd
  http://www.imsglobal.org/xsd/imsmd_rootv1p2p1 imsmd_rootv1p2p1.xsd">
  <metadata>
    <schema>ADL SCORM</schema>
    <schemaversion>1.2</schemaversion>
    <imsmd:lom>
      <imsmd:general>
        <imsmd:title><imsmd:string language="es">ejemplo34</imsmd:string></imsmd:title>
        <imsmd:description><imsmd:string language="es">gvhasghas</imsmd:string></imsmd:description>
        <imsmd:keyword><imsmd:string language="es"></imsmd:string></imsmd:keyword>
      </imsmd:general>
    </imsmd:lom>
  </metadata>
  <organizations default="ORG_2">
    <organization identifier="ORG_2"><title>ejemplo34</title><item identifier="MOD_ITEM_2" isvisible="false"><title>ejemplo45</title><item identifier="ITEM_1768380410380" identifierref="RES_1768380410380" isvisible="true"><title>AEE_Práctica UD1.pdf</title></item></item></organization>
  </organizations>
  <resources>
    <resource identifier="RES_1768380410380" type="webcontent" adlcp:scormtype="sco" href="1768380410367_RUIZ_BATALLER__ALFONSO_AER_Pr__ctica_UD1.pdf"><file href="1768380410367_RUIZ_BATALLER__ALFONSO_AER_Pr__ctica_UD1.pdf" /></resource>
  </resources>
</manifest>