{
	"values": {
	    "curso": "Curso",
		"unidadAprendizaje": "Unidad de aprendizaje",
		"ua": "UA",	
		"ayuda": "Ayuda",		
		"glosario": "Glosario",		
		"biblio": "Bibliografía",		
		"imprimir": "Imprimir",		
		"buscar": "Buscar",
		"ocultarBuscar": "Ocultar buscador de palabras",
		"ocultarAudioEscrito": "Ocultar audio escrito",
		"aceptar": "Aceptar",
		"anterior": "Anterior",
		"siguiente": "Siguiente",
		"resultadoEncontrado": "resultado econtrado",
		"resultadosEncontrados": "resultados encontrados",	
		"noSeHaEncontrado": "No se ha encontrado",
		"introducirCaracteres": "Debes introducir, al menos 3 caracteres",	
		"introducirPalabraBuscar": "Introduce la palabra a buscar",
		"indice": "Índice",		
		"ampliarIndice": "Ampliar índice",
		"ocultarIndice": "Ocultar índice",
		"pantallaAnterior": "Pantalla anterior",
		"pantallaSiguiente": "Pantalla siguiente",
		"pantallaActual": "Pantalla actual",		
		"pantalla": "Pantalla",
		"pantallas": "pantallas",
		"ocultarBuscadorPantalla": "Ocultar buscador de pantallas",
		"barraNavegacion": "Barra de navegación",
		"cambiaNavegacion": "Cambiar (modo de) navegación",
		"audioEscrito": "Audio escrito",
		"pulsarParaContinuar": "Pulsa sobre la pantalla para continuar",
		"portada": "Portada",
		"mapaConceptual": "Mapa conceptual o esquema de contenidos",
		"introduccion": "Introducción",
		"resumen": "Resumen",
		"unidadCompletada": "Has completado la unidad",
		"apartadoNoFinalizado": "El apartado no está finalizado",
		"pantallaCompletada": "Pantalla completada",
		"pantallasCompletadas": "pantallas completadas",
		"hasFinalizadoApartado": "Has finalizado el apartado",
		"apartadoFinalizado": "Apartado finalizado",
		"completePantallasApartado" : "Complete todas las pantallas del apartado",
		"indiceCompleto": "Índice completo",
		"indiceDeContenidos": "Índice de contenidos del apartado",
		"tipoContenido": "Tipo de contenido",
		"estadoContenido": "Estado del contenido",
		"video": "Vídeo",
		"interactivo": "Interactivo",
		"audio": "Audio",
		"actividadDeAprendizaje": "Actividad de aprendizaje",
		"titulo": "Título",
		"contenido": "Contenido",
		"estado": "Estado",
		"procesando": "Procesando...",
		"mostrar": "Mostrar",
		"registros": "registros",
		"noResultados": "No se encontraron resultados",
		"datoNoDisponible": "Ningún dato disponible en esta tabla",
		"mostrandoPantallas": "Mostrando pantallas",
		"deUnTotalDe": "de un total de",
		"filtradoTotal": "filtrado de un total de",
		"cargando": "Cargando...",
		"primero": "Primero",
		"ultimo": "Último",
		"ordenarColumnaAscendente": "Activar para ordenar la columna de manera ascendente",
		"ordenarColumnaDescendente": "Activar para ordenar la columna de manera descendente",
		"correcto": "Correcto",
		"incorrecto": "Incorrecto",
		"cerrar": "Cerrar",
		"intento": "intento",
		"intentos": "intentos",
		"intentosAgotados": "Has agotado todos los intentos",
		"comprobar": "Comprobar",
		"continuar": "Continuar",
		"solucion": "Solución",
		"feedback": "Si tienes dudas, recuerda que puedes consultarlas con tu tutor o tutora a través de las herramientas de comunicación disponibles en la plataforma de formación.",
		"teQuedan": "Te quedan",
		"teQueda": "Te queda",
		"deshacer": "Deshacer",
		"ordenCorrecto": "El orden correcto es:",
		"pulsaFlecha": "\"Pulsa sobre las flechas para navegar a través de las preguntas y comprobar sus respuestas\".",
		"pantallaBloqueadaNoVisit": "La pantalla esta bloqueada porque aún no has visitado la",
		"introValorNum": "Introduce un valor numérico",
		"pantallaBloqueada": "La pantalla esta bloqueada",
		"finActividad": "Has realizado la actividad, puedes acceder a la misma y revisar la información",
		"superada": "Superada",
		"noSuperada": "No superada",
		"reintentar": "Reintentar",
		"noSuperada1intento": "No superada, aún te queda 1 intento",
		"ejerciciosRepasoAutoevalua": "Ejercicios de repaso y autoevaluación",
		"noSuperado": "No superado",
		"clickHacerActividad": "Haz clic para realizar la actividad de aprendizaje.",
		"desactivarAudio": "Desactivar audio",
		"activarAudio": "Activar audio",
		"audioLocutado": "Esta pantalla contiene contenido locutado",
		"intentos1": "Recuerda que esta actividad es evaluable, y te queda 1 intento para realizarla correctamente.",
		"intentos2_1": "Recuerda que esta actividad es evaluable y tienes",
		"intentos2_2": "intentos para realizarla correctamente.",
		"intentosIlimitados": "Recuerda que esta actividad es evaluable y tienes intentos ilimitados para realizarla correctamente.",
		"pantallaVisitada": "Pantalla visitada",
		"pantallaNoVisitada": "Pantalla no visitada",
		"marcadoresEstado": "Marcadores de estado",
		"realizar": "Realizar",
		"puntuacionObtenida": "La puntuación obtenida en el ejercicio es de",		
		"noCompletado": "no completado",
		"palabraCorrectas": "Palabras correctas:",
		"de": "de",
		"navegacion": "Navegación",
		"ayudaParrafo_1": "El contenido de cada apartado está dividido en pantallas identificadas mediante un contador situado en la parte inferior derecha.",
		"ayudaParrafo_2": "Para desplazarte por cada una de ellas se pueden utilizar varios métodos:",
		"utilizandoFlechas_1": "Utilizando las flechas de navegación.",
		"utilizandoFlechas_2": "Haciendo clic en las flechas izquierda y derecha del navegador inferior se puede retroceder o avanzar respectivamente en las pantallas del contenido que se está visualizando en ese momento.",
		"marcadoresEstado_1": "Pulsando sobre los marcadores de estado.",
		"marcadoresEstado_2": "Las pantallas están representadas por marcadores de estado circulares. Haciendo clic sobre cada uno de ellos se puede navegar rápidamente hacia la pantalla que corresponda.",
		"menuAcceso_1": "Mediante el Menú de acceso rápido." ,
		"menuAcceso_2" : "El botón de menú de acceso rápido muestra el título de cada uno de los apartados principales en los que se divide el contenido que se está visualizando actualmente: Si se hace clic sobre alguno de estos títulos se puede navegar rápidamente hacia la pantalla en la que comienza el apartado en cuestión.",
		"indicadorPantallas_1": "Mediante el indicador de pantallas.",
		"indicadorPantallas_2": "Desde aquí podrás identificar tu situación en el apartado que estás visitando, el número de la izquierda, y el número de pantallas totales del mismo, el número de la derecha. Además, este abrirá un cuadro de texto en el que podrás escribir el número de pantalla que necesites visitar.",
		"ampliarIndice_1": "Mediante el botón de ampliar índice.",
		"ampliarIndice_2": "Este abrirá un índice con información más detallada del contenido actual:",
		"indiceLista_1": "Índice ordenado.",
		"indiceLista_2": "Navegación directa.",
		"indiceLista_3": "Títulos y apartados.",
		"indiceLista_4": "Estados: Completado, visitado, no visitado...",
		"indiceLista_5": "Contenido interactivo.",
		"indiceLista_6": "Actividades de aprendizaje y colaborativas.",
		"marcadorEstadoParrafo": "Los marcadores de estado informan, en todo momento, del progreso del alumno en cada una de las pantallas que componen el contenido interactivo. Esta información se representa de la siguiente manera:",
		"pantallaCompletada_2": "Este marcador indica que la pantalla correspondiente ha sido visitada y completada.",
		"pantallaVisitada_2": "Un círculo gris en el interior de un marcador indica que la pantalla ha sido visitada (aunque no completada).",
		"pantallaVisitadaIndicadorNoVisualizado": "Este indicador señala el contenido multimedia que no ha sido reproducido y los documentos, ventanas emergentes e infografías que no han sido visualizadas.",
		"pantallaNoVisitada_2": "Un marcador vacío, en blanco, indica que la pantalla todavía no ha sido visitada.",
		"pantallaActual_2": "Una flecha blanca hacia abajo encima de un marcador indica la pantalla que se está visualizando en ese momento.",
		"botonesAdicionales": "Botones adicionales",
		"ayuda_2": "Mediante este botón podrás acceder a esta ayuda en todo momento.",
		"glosario_2": "Al hacer clic en este botón tendrás acceso al Glosario de términos de la unidad.",
		"biblio_2": "Al pulsar sobre este botón accederás a los datos bibliográficos que te servirán de apoyo para ampliar tu formación.",
		"imprimir_2": "Mediante este botón tendrás acceso al contenido de la unidad en formato pdf, para poder imprimirlo si lo deseas.",
		"buscar_2": "Al pulsar este botón se abrirá un cuadro de texto en el que podrás escribir una palabra o texto que desees localizar dentro del contenido actual.",
		"barraNavegacion_2": "Al pulsar este botón se abrira el menú de navegación de marcadores de estado.",
		"atajosTeclado": "Atajos de teclado",
		"retrodecerPantalla": "Retroceder pantalla",
		"avanzarPantalla": "Avanzar pantalla",
		"desplazaInicio": "Desplaza el contenido de la pantalla actual hacia el inicio.",
		"desplazaFinal": "Desplaza el contenido de la pantalla actual hacia el final.",
		"ampliarImagen": "Pulsa para ampliar la imagen",
		"verGaleria": "Pulsa para ver la galería",
		"imagenes": "imágenes",
		"subapartado": "Subapartado",
		"tituloNivel1": "Título de nivel 1",
		"tituloNivel2": "Título de nivel 2",
		"tituloNivel3": "Título de nivel 3",
		"tituloNivel4": "Título de nivel 4",
		"aplicacionPractica": "Aplicación Práctica",
		"consejo": "Consejo",
		"definicion": "Definición",
		"ejemplo": "Ejemplo",
		"escuchaYrepite": "Escucha y repite",
		"hiloConductor": "Hilo conductor",
		"importante": "Importante",
		"nota": "Nota",
		"paraSaberMas": "Para saber más",
		"practica": "Práctica",
		"receta": "Receta",
		"recuerda": "Recuerda",
		"sabiasQue": "Sabías que...",		
		"actividades": "Actividades",
		"audioActivado": "Audio activado",
		"audioActivado2" : "Este botón indica que existe audio en el apartado. Aparece habilitado cuando existe audio en la pantalla que estamos visualizando y deshabilitado cuando no existe audio. Al pulsar sobre él, se desactiva el audio.",
		"audioDesactivado": "Audio desactivado",
		"audioDesactivado2": "Este botón indica que existe audio en el apartado. Aparece habilitado cuando existe audio en la pantalla que estamos visualizando y deshabilitado cuando no existe audio. Al pulsar sobre él, se activa el audio.",
		"audioEscrito2": "Este botón indica que existe audio escrito en el apartado. Aparece habilitado cuando existe audio escrito en la pantalla que estamos visualizando y deshabilitado cuando no existe audio. Al pulsar sobre él, muestra u oculta el texto que describe el audio de la pantalla. Siempre va ligado al botón del audio.",
		"suNota": "Su nota es:",
		"puntuacionObtenidaIntento": "La puntuación obtenida en este intento es de:",
		"notaFinalObtenida1": "La nota final obtenida ",
		"notaFinalObtenida2": ", es la mayor de los intentos realizados.",
		"infoAudioLocutado": "Este apartado contiene audio locutado. Revise que los sistemas de sonido de su dispositivo esten activados.",
		"ejerciciosAvisoNotaCorte": "Para superar este ejercicio la nota obtenida debe ser igual o superior a: ",
		"aclaracion": "Aclaración",
		"ejercicio": "Ejercicio",
		"verEjercicio": "Ver ejercicio",
		"respuesta": "Respuesta",
		"volverIntentar": "Inténtalo de nuevo",
		"ejerciciosEvaluacion": "Ejercicios de evaluación",
		"finEvaluacion": "Has realizado la evaluación."
		
	},
	"properties": {
		"nombre": "",
		"idioma": "es",
		"favorito": false
	}
}


