{
    "nombre": "ISPALVEN",
    "favorita": "true",
    "estilos": {
        "img_1": "",
        "cp_1": "#ff8000",
        "cp_2": "#1b2a3b",
        "cp_3": "#004b79",
        "cp_4": "#ff8000",
        "cp_5": "#ffffff",
        "r_1": "#ad1863",
        "r_2": "#d6b485",
        "r_3": "#62a39f",
        "r_4": "#ffa664",
        "r_5": "#0a5e4e",
        "r_6": "#fa9a6d",
        "r_7": "#ff5050",
        "r_8": "#9d7699",
        "r_9": "#9d7699",
        "r_10": "#8e558e",
        "r_11": "#0693fc",
        "r_12": "#bc6124",
        "r_13": "#d65e84",
        "r_14": "#e1bb00",
        "r_15": "#009db1",
        "r_16": "#00b335",
        "t_1": "Roboto",
        "t_2": "2",
        "img_2": "..\/content\/1615\/QPlantillas\/plantilla_1585292523\/images\/logo.jpg"
    },
    "version": "4.3.0"
}